"distribution","rating","review_count"

"-0.01","1.0","1"
"ACME-MSDN-SPUtility","1.0","1"
"AI-Categorizer","5.0","2"
"AI-ExpertSystem-Simple","5.0","1"
"AI-Fuzzy","5.0","1"
"AI-FuzzyLogic","1.0","1"
"AI-MegaHAL","5.0","1"
"AI-ParticleSwarmOptimization","1.0","1"
"AI-Pathfinding-AStar","3.0","1"
"ANSIColor","5.0","4"
"AUBBC","4.0","1"
"AZ-Splitter","2.0","1"
"Abstract-Meta-Class","1.0","1"
"Acme-BabyEater","1.0","1"
"Acme-Blarghy-McBlarghBlargh","1.0","1"
"Acme-Bleach","4.0","2"
"Acme-BooK-Is-My-Bitch","5.0","1"
"Acme-CPANAuthors-AnyEvent","1.0","2"
"Acme-ComeFrom","5.0","1"
"Acme-Current-Forever","5.0","2"
"Acme-DNS-Correct","5.0","1"
"Acme-DRM","4.0","1"
"Acme-DonMartin","4.5","2"
"Acme-Drunk","3.0","1"
"Acme-EpicFail","1.0","1"
"Acme-EyeDrops","5.0","2"
"Acme-JAPH","2.8","8"
"Acme-JavaTrace","5.0","2"
"Acme-LOLCAT","5.0","1"
"Acme-Magic-Pony","4.0","1"
"Acme-MetaSyntactic","4.0","1"
"Acme-MetaSyntactic-nethack","5.0","1"
"Acme-Monta","3.0","1"
"Acme-MorningMusume","5.0","1"
"Acme-Nada","5.0","1"
"Acme-NoTalentAssClown","5.0","1"
"Acme-OneHundredNotOut","1.8","6"
"Acme-Pasty","1.7","3"
"Acme-PerlTidy","5.0","1"
"Acme-Phlegethoth","5.0","2"
"Acme-Placeholder","3.4","5"
"Acme-ProgressBar","5.0","2"
"Acme-Pythonic","5.0","1"
"Acme-Raise_my_kwalitee","3.0","2"
"Acme-Scurvy-Whoreson-BilgeRat","5.0","1"
"Acme-Shorten-ZoffixsModuleNames","1.0","1"
"Acme-Shukugawa-Atom","5.0","1"
"Acme-Terror","5.0","1"
"Acme-Terror-UK","5.0","2"
"Acme-Test-Weather","1.0","1"
"Acme-Tiny","3.8","9"
"Acme-Very-Modern-Perl","5.0","1"
"Acme-VerySign","3.7","3"
"Acme-Yoda","1.0","1"
"Acme-Your","4.0","1"
"Adam","5.0","1"
"Agent","1.0","1"
"Algorithm-AhoCorasick","5.0","1"
"Algorithm-Bucketizer","5.0","2"
"Algorithm-CurveFit","1.0","1"
"Algorithm-Diff","4.0","5"
"Algorithm-Loops","4.0","1"
"Algorithm-MarkovChain","4.0","1"
"Algorithm-Permute","5.0","2"
"Algorithm-SocialNetwork","1.5","2"
"Algorithm-Step","2.0","1"
"Algorithm-TravelingSalesman-BitonicTour","1.0","1"
"Alien-GvaScript","2.0","1"
"Alien-SVN","1.0","1"
"Alien-wxWidgets","5.0","1"
"Any-Moose","3.0","1"
"AnyEvent","5.0","2"
"AnyEvent-Gmail-Feed","5.0","1"
"AnyEvent-HTTPD","5.0","1"
"AnyEvent-Kanye","3.5","6"
"AnyEvent-SMTP","5.0","2"
"AnyEvent-XMPP","5.0","1"
"Apache-ASP","5.0","1"
"Apache-Admin-Config","5.0","1"
"Apache-AuthCookie","4.0","1"
"Apache-AuthTicket","5.0","1"
"Apache-AuthenNIS","5.0","1"
"Apache-CGI-Builder","5.0","2"
"Apache-ConfigFile","2.5","2"
"Apache-DB","1.0","1"
"Apache-HTTunnel","5.0","1"
"Apache-Htpasswd","4.0","2"
"Apache-Htpasswd-1.5.5","4.0","1"
"Apache-ImageMagick","4.0","1"
"Apache-MVC","5.0","1"
"Apache-PageKit","4.0","1"
"Apache-ParseLog","1.0","2"
"Apache-Reload","5.0","2"
"Apache-SMTP","2.0","2"
"Apache-Session","3.4","5"
"Apache-Session-Wrapper","4.0","1"
"Apache-SimpleTemplate","5.0","1"
"Apache-Test","4.0","3"
"Apache-WAP-AutoIndex","5.0","1"
"Apache-WAP-MailPeek","5.0","1"
"Apache-WebSNMP","5.0","1"
"Apache2-ApacheMobileFilter","5.0","1"
"Apache2-AuthenNTLM","2.0","2"
"Apache2-Controller","4.0","1"
"Apache2-WURFLFilter","5.0","2"
"App-Alice","5.0","1"
"App-Asciio","4.3","4"
"App-Options","5.0","1"
"App-PM-Announce","5.0","1"
"App-PNGCrush","1.0","1"
"App-Rad","5.0","1"
"App-SVN-Bisect","5.0","1"
"App-Todo","4.0","2"
"App-cpanminus","5.0","3"
"App-perlbrew","5.0","2"
"AppConfig","5.0","1"
"AppConfig-Std","3.0","1"
"Archive-Extract","4.0","2"
"Archive-Rar","2.0","1"
"Archive-StringToZip","3.0","2"
"Archive-Tar","3.7","6"
"Archive-TarGzip","3.0","1"
"Archive-Zip","3.8","6"
"Argv","4.5","2"
"Array-Diff","2.5","2"
"Array-Heap","5.0","1"
"Array-Heap2","5.0","1"
"Array-IntSpan","4.0","1"
"Array-Iterator","3.5","2"
"Array-PAT","1.0","4"
"Array-Reform","2.0","1"
"Asterisk-CoroManager","5.0","1"
"Asterisk-config","4.5","2"
"Astro-MoonPhase","5.0","1"
"Async","1.5","2"
"Attempt","4.3","3"
"Attribute-Handlers","4.0","1"
"Attribute-Protected","4.0","1"
"Attribute-Tie","5.0","1"
"Attribute-Types","2.5","2"
"Audio","2.3","3"
"Audio-LADSPA","5.0","1"
"Audio-MPD","5.0","1"
"Audio-MPEG","1.0","1"
"Audio-Mad","5.0","1"
"Audio-SndFile","5.0","1"
"Audio-Wav","4.0","1"
"AudioFile-Identify-MusicBrainz","2.0","1"
"Auth-Sticky","1.0","1"
"Auth-Yubikey_Decrypter","4.0","1"
"Authen-Captcha","3.5","2"
"Authen-NTLM-HTTP","1.0","1"
"Authen-PAM","3.0","1"
"Authen-Passphrase","4.5","2"
"Authen-Simple","5.0","1"
"Authen-Simple-SSH","3.0","2"
"Autodia","4.0","1"
"AxKit-1.6.2","5.0","1"
"BSD-Resource","5.0","1"
"BSD-arc4random","5.0","1"
"BackPAN-Index","5.0","1"
"Base-Class","1.0","1"
"Baseball-Simulation","1.0","1"
"Benchmark-Stopwatch","4.0","2"
"BerkeleyDB","4.6","5"
"Best","5.0","1"
"Bio-MAGETAB","5.0","1"
"Bio-NEXUS","5.0","1"
"Bio-Phylo","5.0","3"
"Bio-Trace-ABIF","5.0","1"
"BitTorrent","1.0","3"
"Bloom-Filter","5.0","1"
"Bone-Easy","5.0","1"
"Book-Chinese-MasterPerlToday","3.7","3"
"Boost-Graph","3.0","1"
"Bot-BasicBot","5.0","1"
"Bot-BasicBot-Pluggable","5.0","1"
"Bot-CPAN","5.0","2"
"Brackup","3.3","3"
"Bryar","4.7","3"
"Bundle-Catalyst-Everything","1.0","1"
"Bundle-Everything","1.0","2"
"Bundle-Expect","1.0","1"
"Bundle-Math-Geometry","4.0","1"
"Bundle-Maypole","1.0","1"
"Bundle-Modules","1.0","1"
"Bundle-Ovid","3.0","1"
"Bundle-PerlFormance","5.0","1"
"Bundle-STRO","1.0","1"
"Bundle-Tk","3.0","2"
"Bundle-W3C-Validator","3.7","3"
"Business-BR-Ids","4.0","1"
"Business-CreditCard","4.7","3"
"Business-IBAN","3.0","2"
"Business-ISBN","5.0","2"
"Business-OnlinePayment","4.0","1"
"Business-OnlinePayment-CyberSource","3.3","3"
"Business-OnlinePayment-Protx","5.0","1"
"Business-PayPal-API","4.0","1"
"Business-PayPal-IPN","4.0","2"
"Business-PayPal-NVP","5.0","1"
"Business-Shipping","4.8","5"
"Business-Tax-VAT-Validation","3.7","3"
"C-Analyzer","5.0","1"
"C-DynaLib","4.0","2"
"C-Include","3.0","1"
"CAD-Drawing","2.7","3"
"CAM-PDF","3.7","3"
"CAS-Apache","1.0","1"
"CGI-Ajax","3.9","8"
"CGI-Alert","5.0","1"
"CGI-Application","4.8","16"
"CGI-Application-Dispatch","5.0","3"
"CGI-Application-Dispatch-Server","4.0","1"
"CGI-Application-Pluggable","2.0","1"
"CGI-Application-Plugin-Authentication","3.0","2"
"CGI-Application-Plugin-Authorization","5.0","1"
"CGI-Application-Plugin-AutoRunmode","4.0","3"
"CGI-Application-Plugin-CAPTCHA","3.0","1"
"CGI-Application-Plugin-Config-Any","4.0","1"
"CGI-Application-Plugin-DBH","4.5","2"
"CGI-Application-Plugin-DebugScreen","5.0","1"
"CGI-Application-Plugin-DevPopup","5.0","1"
"CGI-Application-Plugin-Forward","4.0","1"
"CGI-Application-Plugin-HTDot","4.0","1"
"CGI-Application-Plugin-Output-XSV","5.0","1"
"CGI-Application-Plugin-QueryHash","2.0","1"
"CGI-Application-Plugin-Redirect","5.0","1"
"CGI-Application-Plugin-Session","4.0","1"
"CGI-Application-Plugin-Stream","5.0","2"
"CGI-Application-Plugin-ValidateRM","5.0","1"
"CGI-Application-Plugin-ViewCode","5.0","1"
"CGI-Application-Server","4.5","2"
"CGI-Application-Session","4.0","1"
"CGI-Application-Tutorial-Namegame","4.0","1"
"CGI-Application-ValidateRM","5.0","2"
"CGI-Builder","4.3","11"
"CGI-Builder-Auth","5.0","2"
"CGI-Builder-CgiAppAPI","5.0","2"
"CGI-Builder-DFVCheck","4.5","2"
"CGI-Builder-HTMLtmpl","5.0","2"
"CGI-Builder-Magic","5.0","2"
"CGI-Builder-Session","5.0","5"
"CGI-Builder-TT2","5.0","1"
"CGI-Cache","4.0","1"
"CGI-Compress-Gzip","5.0","2"
"CGI-EncryptForm","5.0","1"
"CGI-Enurl","2.0","1"
"CGI-FormBuilder","5.0","3"
"CGI-Framework","4.0","1"
"CGI-GuruMeditation","2.0","1"
"CGI-Kwiki","4.2","5"
"CGI-Lite","4.0","2"
"CGI-Lite-Request","3.0","1"
"CGI-Minimal","4.7","3"
"CGI-NeedSSL","2.3","3"
"CGI-Panel","5.0","1"
"CGI-Perljax","5.0","1"
"CGI-Prototype","3.3","6"
"CGI-QuickForm","4.0","1"
"CGI-SSI","5.0","1"
"CGI-Session","4.3","3"
"CGI-Session-BitBucket","1.0","1"
"CGI-Simple","5.0","1"
"CGI-SpeedyCGI","5.0","1"
"CGI-Upload","4.0","1"
"CGI-Utils","2.0","1"
"CGI-Vote","5.0","1"
"CGI-WebGzip","3.0","2"
"CGI-WebOut","5.0","1"
"CGI-Widget-DBI-Search","1.0","1"
"CGI-Wiki","2.5","2"
"CGI-Wiki-Kwiki","5.0","1"
"CGI-okTemplate","1.0","2"
"CGI-pWiki","1.0","1"
"CGI.pm","4.5","13"
"CHI","5.0","1"
"CLASS","5.0","2"
"CMS-MediaWiki","4.5","2"
"CPAN","4.0","6"
"CPAN-DistnameInfo","5.0","1"
"CPAN-Forum","4.0","1"
"CPAN-Mini","5.0","5"
"CPAN-Mini-Inject","4.0","1"
"CPAN-Mini-Webserver","5.0","3"
"CPAN-Reporter","5.0","3"
"CPAN-SQLite","4.5","2"
"CPAN-YACSmoke","1.0","1"
"CPANPLUS","4.3","7"
"CPANXR","4.0","1"
"CQL-Parser","4.0","1"
"CVSUtils","5.0","1"
"Cache-Cache","5.0","4"
"Cache-FastMmap","5.0","4"
"Cache-FastMmap-WithWin32","5.0","1"
"Cache-Memcached","4.0","6"
"Cache-Memcached-Fast","5.0","1"
"Cache-Memcached-Managed","5.0","1"
"Cache-Simple-TimedExpiry","3.0","1"
"Cairo","4.0","1"
"Callback","1.0","1"
"Captcha-reCAPTCHA","5.0","3"
"Capture-Tiny","5.0","1"
"CaptureLog","1.0","1"
"Carp-Always","4.7","6"
"Carp-Assert","5.0","2"
"Carp-Assert-More","4.0","1"
"Carp-Clan","5.0","1"
"Carp-Indeed","3.0","2"
"Carp-Trace","3.5","2"
"Catalyst","1.0","1"
"Catalyst-Component-ACCEPT_CONTEXT","5.0","1"
"Catalyst-Controller-Atompub","5.0","1"
"Catalyst-Controller-BindLex","3.0","2"
"Catalyst-Engine-Embeddable","4.0","1"
"Catalyst-Engine-HTTP-POE","1.0","1"
"Catalyst-Enzyme","5.0","1"
"Catalyst-Example-InstantCRUD","3.0","1"
"Catalyst-Manual","4.7","3"
"Catalyst-Model-Adaptor","5.0","1"
"Catalyst-Model-DBIC","1.0","1"
"Catalyst-Model-HTML-FormFu","1.0","1"
"Catalyst-Plugin-Assets","5.0","1"
"Catalyst-Plugin-Authentication","5.0","2"
"Catalyst-Plugin-AutoTemplate","3.0","2"
"Catalyst-Plugin-CommandLine","5.0","2"
"Catalyst-Plugin-Compress-Zlib","3.0","1"
"Catalyst-Plugin-Crypt-CBC","5.0","1"
"Catalyst-Plugin-CustomErrorMessage","5.0","1"
"Catalyst-Plugin-FirePHP","5.0","1"
"Catalyst-Plugin-FormValidator-Simple","5.0","1"
"Catalyst-Plugin-I18N","4.0","1"
"Catalyst-Plugin-Log-Colorful","5.0","1"
"Catalyst-Plugin-Mail-Sender","3.0","1"
"Catalyst-Plugin-Redirect","2.0","3"
"Catalyst-Plugin-Session-CGISession","5.0","1"
"Catalyst-Runtime","4.9","15"
"Catalyst-View-Email","3.5","2"
"Catalyst-View-Excel-Template-Plus","5.0","1"
"Catalyst-View-HTML-Template-Compiled","5.0","1"
"Catalyst-View-JSON","4.0","1"
"Catalyst-View-TT","3.3","3"
"Catalyst-View-TT-ForceUTF8","1.0","1"
"CatalystX-AppBuilder","5.0","1"
"CatalystX-CRUD","5.0","1"
"CatalystX-Foorum","1.0","1"
"CatalystX-ListFramework-Builder","5.0","2"
"CharsetDetector","5.0","2"
"Chart","4.4","5"
"Chart-Clicker","4.0","4"
"Chart-Gnuplot","4.0","4"
"Chart-Graph","2.7","3"
"Chart-Strip","5.0","2"
"Chest","1.5","4"
"Chooser","1.0","1"
"Chroniton","4.0","1"
"Cisco-CopyConfig","4.0","1"
"Cisco-IPPhone","4.0","1"
"Cisco-Reconfig","3.0","1"
"Class-Accessor","4.3","3"
"Class-Accessor-Complex","5.0","1"
"Class-Accessor-Grouped","5.0","1"
"Class-AccessorMaker","5.0","1"
"Class-Autouse","5.0","1"
"Class-Base","4.7","3"
"Class-C3-XS","4.0","1"
"Class-CSV","3.0","2"
"Class-Closure","4.0","1"
"Class-DBI","4.4","16"
"Class-DBI-AbstractSearch","5.0","1"
"Class-DBI-Loader","5.0","1"
"Class-DBI-Pager","4.7","3"
"Class-DBI-Plugin-DeepAbstractSearch","5.0","2"
"Class-DBI-Plugin-HTML","4.0","2"
"Class-DBI-Plugin-RetrieveFromSQL","4.0","1"
"Class-Date-ISO","2.0","2"
"Class-HPLOO","1.0","1"
"Class-InsideOut","5.0","4"
"Class-Loader","1.0","1"
"Class-MakeMethods","4.0","1"
"Class-Meta","5.0","1"
"Class-MethodMaker","4.5","4"
"Class-Null","5.0","1"
"Class-PINT","3.0","1"
"Class-Phrasebook","5.0","1"
"Class-Std","2.8","5"
"Class-Std-Utils","1.0","1"
"Class-Trait","4.0","1"
"Class-XSAccessor","5.0","2"
"Clipboard","5.0","1"
"Clone","4.3","3"
"Clone-Any","3.0","1"
"Color-Calc-DEPRECATED","1.0","1"
"Comma","2.5","2"
"Commands-Guarded","5.0","1"
"Compress-Bzip2","1.0","2"
"Compress-Zlib","3.0","3"
"Config-ApacheFormat","3.5","2"
"Config-Auto","4.8","4"
"Config-Context","4.0","1"
"Config-General","4.1","7"
"Config-IniFiles","4.4","8"
"Config-JFDI","5.0","1"
"Config-JSON","4.0","1"
"Config-Properties","5.0","1"
"Config-Simple","5.0","1"
"Config-Std","5.0","1"
"Config-Tiny","5.0","7"
"Contextual-Return","3.0","3"
"Contize","3.0","1"
"Convert-ASCII-String","2.0","1"
"Convert-Bencode","4.0","1"
"Convert-Binary-C","5.0","3"
"Convert-EastAsianWidth","2.0","1"
"Convert-Wiki","2.0","1"
"Convert-zBase32","5.0","1"
"Coro","5.0","1"
"CouchDB-Client","4.0","1"
"Crypt-Blowfish","5.0","1"
"Crypt-CBC","5.0","1"
"Crypt-DES_PP","5.0","1"
"Crypt-DH","1.0","1"
"Crypt-DH-GMP","5.0","1"
"Crypt-DSA","4.0","1"
"Crypt-ECB","5.0","1"
"Crypt-Elijah","4.0","1"
"Crypt-GPG","1.0","1"
"Crypt-Keyczar","5.0","1"
"Crypt-Lite","2.0","5"
"Crypt-OTP","1.0","1"
"Crypt-OpenPGP","2.8","4"
"Crypt-RSA","3.7","3"
"Crypt-Rijndael_PP","5.0","1"
"Crypt-SSLeay","5.0","3"
"Crypt-SaltedHash","4.5","2"
"Crypt-Tea","1.0","1"
"Crypt-Twofish","4.0","1"
"Crypt-Util","5.0","1"
"Ctype","1.0","1"
"Curses-UI","2.6","5"
"D-oh","3.5","2"
"DBA","1.0","1"
"DBD-CSV","4.0","1"
"DBD-Chart","5.0","1"
"DBD-DB2","5.0","3"
"DBD-Excel","3.0","2"
"DBD-Google","5.0","2"
"DBD-Informix","5.0","1"
"DBD-Ingres","4.0","4"
"DBD-ODBC","4.7","3"
"DBD-Oracle","3.6","15"
"DBD-Pg","3.7","11"
"DBD-PgPP","1.5","2"
"DBD-SQLite","4.5","15"
"DBD-SQLite-Amalgamation","5.0","1"
"DBD-Sybase","4.8","5"
"DBD-TSM","5.0","1"
"DBD-Unify","4.0","1"
"DBD-WMI","4.0","1"
"DBD-mysql","3.8","5"
"DBD-mysql-SimpleMySQL","1.0","3"
"DBD-mysqlPP","3.8","4"
"DBI","4.7","30"
"DBI-Mysqlsimple","1.0","2"
"DBICx-Deploy","4.0","1"
"DBIx-Abstract","3.0","1"
"DBIx-CGITables","3.0","1"
"DBIx-Chart","5.0","1"
"DBIx-Class","4.9","11"
"DBIx-Class-EncodedColumn","5.0","2"
"DBIx-Class-FrozenColumns","4.0","4"
"DBIx-Class-HTML-FormFu","1.0","1"
"DBIx-Class-Loader-ADO","3.0","2"
"DBIx-Class-QueryLog","4.0","1"
"DBIx-Class-ResultSet-HashRef","5.0","1"
"DBIx-Class-Schema-Loader","4.0","2"
"DBIx-Class-Schema-Loader-DBI-Oracle","3.0","1"
"DBIx-Class-TimeStamp","4.5","2"
"DBIx-Class-Validation","4.0","1"
"DBIx-Custom","1.0","1"
"DBIx-DBH","3.0","1"
"DBIx-DWIW","4.0","2"
"DBIx-DataModel","4.0","1"
"DBIx-HTMLView","5.0","1"
"DBIx-Informix-Perform","5.0","1"
"DBIx-Log4perl","4.5","4"
"DBIx-MSSQLReporter","1.0","1"
"DBIx-MyParse","4.0","1"
"DBIx-Password","4.0","1"
"DBIx-ProcedureCall","4.0","1"
"DBIx-SQLEngine","5.0","1"
"DBIx-Sequence","5.0","1"
"DBIx-Sharding","2.0","1"
"DBIx-Simple","4.7","6"
"DBIx-Skinny","4.0","1"
"DBIx-Std","1.0","3"
"DBIx-Thin","2.0","1"
"DBIx-VersionedDDL","5.0","1"
"DBIx-Web","1.0","1"
"DBIx-XHTML_Table","5.0","2"
"DBM-Deep","4.3","6"
"DNS-EasyDNS","4.7","3"
"DNS-TinyDNS","5.0","1"
"DP-Date","1.0","1"
"DP-Perl","1.0","4"
"DProf","1.0","1"
"Dackup","5.0","2"
"Daemon-Generic","3.7","3"
"Daisy","1.0","2"
"Daisy-Chain","1.0","2"
"Daisy-Cocktail","1.0","2"
"Daisy-Cutter","1.0","2"
"Daisy-Dukes","1.0","2"
"Daisy-Wheel","1.0","2"
"Dancer","5.0","2"
"Dancer-Plugin-SiteMap","4.0","1"
"DashProfiler","5.0","1"
"Data-Clone","5.0","1"
"Data-Compare","3.0","1"
"Data-Define","1.0","1"
"Data-Domain","4.0","1"
"Data-Dump","5.0","4"
"Data-Dump-Streamer","5.0","1"
"Data-Dumper","4.1","9"
"Data-Dumper-Perltidy","5.0","1"
"Data-Dumper-Simple","4.0","1"
"Data-FixedFormat","3.5","2"
"Data-FormValidator","5.0","5"
"Data-FormValidator-Constraints-DateTime","4.0","1"
"Data-FormValidator-Filters-Image","4.0","1"
"Data-GUID","5.0","2"
"Data-Grouper","5.0","1"
"Data-HexDump","4.0","1"
"Data-Hexdumper","5.0","2"
"Data-Hive","1.0","1"
"Data-ICal","5.0","1"
"Data-Inspect","1.0","1"
"Data-Iterator-EasyObj","3.0","1"
"Data-JavaScript","4.0","2"
"Data-JavaScript-Anon","4.0","1"
"Data-Lazy","5.0","1"
"Data-Leaf-Walker","5.0","1"
"Data-Model","5.0","1"
"Data-Page","4.6","5"
"Data-Page-Set","3.0","2"
"Data-Pageset","5.0","1"
"Data-ParseBinary","5.0","2"
"Data-Password","5.0","1"
"Data-Phrasebook","4.5","2"
"Data-PostfixDeref","1.0","1"
"Data-Rand","1.0","1"
"Data-Random","5.0","2"
"Data-Reconciliation","4.0","1"
"Data-Recursive-Encode","5.0","1"
"Data-Rmap","5.0","5"
"Data-Rx","5.0","1"
"Data-Search","3.7","3"
"Data-SearchReplace","5.0","1"
"Data-Serializer","5.0","2"
"Data-Str2Num","1.0","1"
"Data-TreeDumper","5.0","2"
"Data-UUID","5.0","2"
"Data-Uniqid","3.5","2"
"Data-Util","5.0","1"
"Data-Validate-Domain","5.0","2"
"Data-Validate-Japanese","3.0","1"
"Data-Verify","5.0","1"
"Data-Visitor-Encode","5.0","1"
"DataExtract-FixedWidth","2.3","3"
"Data_Translate","2.0","1"
"Date-Business","4.0","1"
"Date-Calc","4.1","7"
"Date-EzDate","4.0","1"
"Date-Handler","5.0","1"
"Date-Holidays-CA","5.0","1"
"Date-Holidays-UK","4.0","1"
"Date-ICal","2.0","1"
"Date-ISO","3.0","1"
"Date-Indian","5.0","1"
"Date-Manip","2.9","9"
"Date-Namedays-Simple","3.0","1"
"Date-Object","1.0","2"
"Date-Pcalc","4.0","2"
"Date-Range","5.0","1"
"Date-Simple","4.0","3"
"Date-Tiny","2.0","2"
"Date-WeekOfYear","1.0","1"
"DateConvert","5.0","1"
"DateManip","5.0","4"
"DateManip-5.42a","5.0","1"
"DateStamp","2.0","1"
"DateTime","4.6","13"
"DateTime-Calendar-Hebrew","5.0","1"
"DateTime-Calendar-Japanese","5.0","1"
"DateTime-Calendar-Japanese-Era","4.0","1"
"DateTime-Event-ICal","5.0","1"
"DateTime-Event-NameDay","4.0","2"
"DateTime-Format-DateParse","3.0","1"
"DateTime-Format-Epoch","5.0","1"
"DateTime-Format-Flexible","2.0","1"
"DateTime-Format-Natural","5.0","3"
"DateTime-Format-Oracle","4.0","2"
"DateTime-Locale","5.0","1"
"DateTime-Natural-Parse","3.0","1"
"Dblink","2.0","1"
"Debug","1.0","1"
"Dev-Bollocks","3.5","2"
"Devel-ArgNames","5.0","2"
"Devel-AutoProfiler","5.0","1"
"Devel-CallStack","5.0","1"
"Devel-Carnivore","5.0","1"
"Devel-CheckLib","4.0","1"
"Devel-Cover","4.9","15"
"Devel-Cycle","5.0","1"
"Devel-DProf","1.0","1"
"Devel-DProfLB","2.0","1"
"Devel-Declare","4.2","5"
"Devel-Dependencies","2.0","1"
"Devel-Diagram","1.0","1"
"Devel-Ditto","5.0","1"
"Devel-EvalContext","5.0","1"
"Devel-FastProf","4.0","2"
"Devel-Hide","5.0","2"
"Devel-Leak-Object","5.0","2"
"Devel-LeakGuard-Object","5.0","1"
"Devel-LeakTrace-Fast","4.0","1"
"Devel-Messenger","3.0","1"
"Devel-Modlist","5.0","1"
"Devel-NYTProf","5.0","12"
"Devel-PerlySense","4.5","2"
"Devel-PiMPx","1.0","1"
"Devel-Pointer","5.0","1"
"Devel-Profile","4.0","1"
"Devel-REPL","5.0","1"
"Devel-SimpleTrace","4.0","2"
"Devel-Size","4.5","2"
"Devel-SmallProf","3.0","2"
"Devel-SummarizedWarnings","5.0","1"
"Devel-Timer","4.0","1"
"Devel-Trace","5.0","1"
"Devel-TrackObjects","5.0","1"
"Devel-XDebug","1.0","1"
"Devel-ebug","5.0","1"
"Devel-ptkdb","4.8","5"
"Device-Audiotron","5.0","1"
"Device-USB-MissileLauncher","5.0","1"
"Digest-Crc32","2.0","2"
"Digest-MD4","3.5","2"
"Digest-MD5","5.0","5"
"Digest-MD5-File","3.5","2"
"Digest-SHA","5.0","2"
"Directory-Scratch","5.0","1"
"Directory-Scratch-Structured","1.0","1"
"Dist-Zilla","4.2","5"
"Dist-Zilla-Plugin-CopyTo","4.0","1"
"Docs-US_DOD-STD2167A","2.5","4"
"Domain-PublicSuffix","5.0","1"
"DumpStack","1.5","2"
"EV","5.0","2"
"EasyDBAccess","1.5","2"
"EasyDate","2.0","4"
"EasyTCP","5.0","1"
"EasyTool","1.3","4"
"Eludia","1.0","2"
"Emacs-EPL","4.0","1"
"Emacs-PDE","5.0","2"
"Emacs-Run-ExtractDocs","2.0","1"
"Email-Abstract","5.0","1"
"Email-Filter","3.0","1"
"Email-Find","5.0","1"
"Email-Folder","2.0","1"
"Email-Handle","2.0","1"
"Email-MIME","5.0","2"
"Email-MIME-CreateHTML","3.0","2"
"Email-MIME-Modifier","2.0","1"
"Email-Send","4.3","4"
"Email-Send-SMTP-TLS","5.0","1"
"Email-Sender","5.0","2"
"Email-Simple","4.8","4"
"Email-Simple-Creator","4.0","1"
"Email-Store","5.0","1"
"Email-Valid","5.0","5"
"Embperl","5.0","1"
"Embperl-2.0b9","4.0","1"
"Enbugger","5.0","1"
"Encode","4.0","5"
"Encode-Base58","5.0","1"
"Encode-CNMap","4.0","1"
"Encode-Detect-CJK","5.0","1"
"Encode-DoubleEncodedUTF8","5.0","1"
"Error","4.0","4"
"Error-Unhandled","5.0","1"
"Event","5.0","3"
"Event-Lib","5.0","2"
"EvilBoss","1.3","3"
"Excel-Template","3.0","2"
"Exception-Class","5.0","6"
"Exception-ThrowUnless","1.0","1"
"Expect","4.3","3"
"Exporter-AutoClean","5.0","1"
"Exporter-Renaming","5.0","1"
"ExtUtils-AutoInstall","3.0","2"
"ExtUtils-CBuilder","5.0","1"
"ExtUtils-Depends","5.0","1"
"ExtUtils-MakeMaker","3.6","5"
"ExtUtils-ModuleMaker","4.5","2"
"ExtUtils-TBone","5.0","1"
"FCGI-Engine","5.0","1"
"FEAR-API","5.0","1"
"FFI","2.5","2"
"FLV-Info","3.3","3"
"FSA-Rules","4.5","2"
"FactorOracle","1.0","1"
"FedEx","1.0","1"
"Fido","4.0","1"
"File-Archive","5.0","1"
"File-BOM","4.0","1"
"File-BaseDir","5.0","1"
"File-Copy-Link","5.0","1"
"File-Copy-Recursive","4.3","3"
"File-Defrag","3.5","2"
"File-DirCompare","4.0","1"
"File-DirWalk","2.0","3"
"File-FDpasser","4.0","1"
"File-Find-Duplicates","4.0","2"
"File-Find-Rule","4.5","14"
"File-Find-Rule-Perl","4.0","1"
"File-Find-Wanted","2.0","1"
"File-Finder","3.3","3"
"File-HomeDir","5.0","4"
"File-Info","2.0","1"
"File-Locate","5.0","1"
"File-MMagic","2.0","2"
"File-Map","4.0","2"
"File-Monitor","5.0","1"
"File-Mork","3.0","1"
"File-Munger","2.0","1"
"File-NCopy","4.0","1"
"File-Package","1.0","1"
"File-Path","5.0","1"
"File-Pid","3.0","2"
"File-Policy","3.0","1"
"File-ReadBackwards","4.0","1"
"File-ReadSimple","1.0","5"
"File-Recurse","5.0","1"
"File-Recycle","1.0","2"
"File-Remove","4.0","1"
"File-Rsync-Mirror-Recent","5.0","1"
"File-RsyncP","5.0","1"
"File-Scan","5.0","1"
"File-Searcher","1.0","1"
"File-ShareDir","4.5","2"
"File-Size","3.0","2"
"File-Slurp","3.1","9"
"File-Slurp-Tree","4.0","1"
"File-SortedSeek","5.0","1"
"File-Spec","4.0","3"
"File-Stat-Moose","1.0","1"
"File-Stat-OO","2.0","2"
"File-Stream","4.0","1"
"File-Tail","4.3","4"
"File-Temp","4.0","7"
"File-Tools","5.0","1"
"File-Trash","2.0","2"
"File-Type","2.0","1"
"File-Where","5.0","1"
"File-Wildcard","1.0","1"
"FileHandle-Deluxe","5.0","1"
"Filesys-DiskFree","1.0","1"
"Filesys-Statvfs_Df","5.0","1"
"Filesys-Virtual","3.0","1"
"Filter-Crypto","4.0","1"
"Filter-Include","3.0","1"
"Filter-Indent-HereDoc","4.0","1"
"Filter-Macro","3.0","2"
"Filter-Simple","4.5","2"
"Finance-Bank-AU-StGeorge","3.0","1"
"Finance-Bank-LaPoste","3.0","2"
"Finance-Currency-Convert","5.0","2"
"Finance-Currency-Convert-XE","3.0","1"
"Finance-Currency-Convert-Yahoo","3.0","1"
"Finance-InteractiveBrokers-TWS","5.0","1"
"Finance-OFX-Parse-Simple","2.0","1"
"Find-Lib","4.0","1"
"FindBin-Real","3.0","2"
"FindBin-libs","5.0","1"
"Flickr-API","4.0","1"
"Flickr-Simple","1.0","1"
"Flickr-Upload","5.0","4"
"Forks-Super","5.0","1"
"Form-Processor","5.0","1"
"FormValidator-LazyWay","3.0","2"
"FormValidator-Simple","5.0","2"
"Format-Human-Bytes","3.0","1"
"FreeBSD-i386-Ptrace","5.0","1"
"Froody","2.0","1"
"Fuse","4.0","2"
"GD","5.0","4"
"GD-Barcode","3.7","3"
"GD-Graph-radar","5.0","1"
"GD-Graph3d","5.0","1"
"GD-SecurityImage","4.3","3"
"GD-Thumbnail","5.0","1"
"GDGraph","4.9","10"
"GDGraph-histogram","2.0","1"
"GDTextUtil","5.0","1"
"GMail-Checker","5.0","1"
"GPIB","5.0","1"
"GPS-Tools","1.0","1"
"GRID-Machine","5.0","1"
"Games-Battleship","1.0","1"
"Games-Cards","4.0","1"
"Games-Literati","5.0","1"
"Games-Nintendo-Mario","5.0","1"
"Games-Sudoku","4.0","2"
"Games-WoW-Armory","4.0","1"
"Gantry","2.0","1"
"Gearman-XS","5.0","1"
"Genezzo","5.0","1"
"Geo-Approx","5.0","1"
"Geo-Coder-Google","4.5","2"
"Geo-Coder-US","5.0","2"
"Geo-Coordinates-UTM","5.0","1"
"Geo-Ellipsoids","5.0","1"
"Geo-Google-PolylineEncoder","5.0","1"
"Geo-Google-StaticMaps","4.0","1"
"Geo-GoogleEarth-Document","3.0","2"
"Geo-Gpx","4.0","1"
"Geo-IP","4.3","3"
"Geo-OGC-Geometry","3.0","1"
"Geo-Postcode","2.0","1"
"Geo-Proj4","5.0","1"
"Geo-ShapeFile","4.5","2"
"Geo-Shapelib","1.0","2"
"Geo-Vector","1.0","1"
"Getopt-ArgvFile","5.0","5"
"Getopt-Auto","4.5","2"
"Getopt-Casual","4.0","1"
"Getopt-Clade","1.0","1"
"Getopt-Compact","4.5","2"
"Getopt-Declare","3.0","1"
"Getopt-Easy","5.0","1"
"Getopt-Euclid","4.5","2"
"Getopt-ExPar","5.0","1"
"Getopt-Long","4.6","5"
"Getopt-Long-Descriptive","4.0","2"
"Getopt-Lucid","5.0","3"
"Git-CPAN-Patch","5.0","1"
"Git-FastExport","5.0","1"
"Git-Megapull","5.0","1"
"Git-PurePerl","4.0","1"
"Git-Wrapper","4.0","1"
"Gnome2-GConf","2.0","2"
"GnuPG","3.5","2"
"GnuPG-Interface","4.0","1"
"Google-Adwords","4.0","1"
"Google-Search","5.0","3"
"Graph","4.3","6"
"Graph-Easy","4.5","2"
"GraphViz","5.0","1"
"GraphViz-DBI","2.0","1"
"GraphViz-ISA-Multi","4.0","1"
"Graph_Timeline.1.0","2.0","1"
"Graphics-ColorNames","5.0","1"
"Graphics-ColorObject","5.0","1"
"Graphics-GnuplotIF","3.0","1"
"Gtk-HandyCList","1.0","1"
"Gtk-Perl","1.0","2"
"Gtk2","5.0","2"
"Gtk2-Ex-DBI","3.0","1"
"Gtk2-Notify","4.0","1"
"HDB","3.0","2"
"HTML-AA","1.0","1"
"HTML-CalendarMonth","5.0","1"
"HTML-CalendarMonthSimple","4.0","2"
"HTML-Copy","5.0","1"
"HTML-DBForm","5.0","1"
"HTML-DBTable","2.0","1"
"HTML-Defaultify","1.0","1"
"HTML-Detoxifier","3.5","2"
"HTML-Diff","2.0","2"
"HTML-EasyTable","1.0","1"
"HTML-Element-Tiny","2.0","1"
"HTML-Embperl","5.0","1"
"HTML-Feature","3.0","1"
"HTML-FillInForm","4.7","3"
"HTML-FillInForm-Lite","4.0","1"
"HTML-FormFiller","1.0","1"
"HTML-FormFu","4.0","4"
"HTML-FormHandler","5.0","1"
"HTML-Format","5.0","2"
"HTML-FormatData","1.0","1"
"HTML-FormatText-WithLinks","5.0","1"
"HTML-FromANSI","4.0","1"
"HTML-GenToc","4.0","2"
"HTML-GenerateUtil","5.0","1"
"HTML-GoogleMaps","5.0","1"
"HTML-HTMLDoc","2.5","4"
"HTML-LinkExtractor","5.0","1"
"HTML-Lint","2.0","1"
"HTML-Mail","2.0","1"
"HTML-Mason","4.9","12"
"HTML-Merge","3.0","1"
"HTML-Obliterate","1.0","1"
"HTML-Pager","2.0","1"
"HTML-Paging-SQL","2.0","1"
"HTML-Parser","4.9","8"
"HTML-Perlinfo","3.0","4"
"HTML-PopupTreeSelect","5.0","1"
"HTML-Prototype","4.0","2"
"HTML-ReportWriter","4.0","1"
"HTML-ResolveLink","5.0","1"
"HTML-Sanitizer","1.0","1"
"HTML-Scrubber","5.0","1"
"HTML-Seamstress","5.0","1"
"HTML-Strip","4.7","3"
"HTML-StripScripts-Parser","5.0","1"
"HTML-Stripper","5.0","1"
"HTML-Table","4.4","5"
"HTML-TableExtract","4.8","4"
"HTML-TableParser","4.3","3"
"HTML-TableTiler","5.0","1"
"HTML-Tabulate","4.0","1"
"HTML-Tag","1.0","1"
"HTML-TagCloud","5.0","1"
"HTML-TagReader","5.0","1"
"HTML-Template","4.3","19"
"HTML-Template-Compiled","4.8","5"
"HTML-Template-Compiled-Plugin-Comma","5.0","1"
"HTML-Template-Default","2.0","1"
"HTML-Template-Dumper","5.0","1"
"HTML-Template-Pluggable","4.0","2"
"HTML-Template-Pro","5.0","2"
"HTML-Tidy","2.3","4"
"HTML-Tiny","4.0","2"
"HTML-TokeParser-Simple","4.0","1"
"HTML-Tree","4.9","8"
"HTML-TreeBuilder-XPath","4.0","3"
"HTML-Truncate","5.0","1"
"HTML-Widget","3.0","1"
"HTML-Widgets-NavMenu","5.0","2"
"HTML-Widgets-SelectLayers","1.0","1"
"HTML-WikiConverter","4.5","4"
"HTML-WikiConverter-Markdown","5.0","1"
"HTML-XSSLint","1.0","1"
"HTML-Zoom","5.0","1"
"HTML2XHTML","1.0","1"
"HTTP-Async","4.0","1"
"HTTP-Body","3.0","1"
"HTTP-BrowserDetect","4.0","3"
"HTTP-Cache-Transparent","5.0","1"
"HTTP-Client","5.0","1"
"HTTP-DAV","5.0","1"
"HTTP-Engine","4.0","3"
"HTTP-Proxy","4.3","4"
"HTTP-ProxySelector","5.0","1"
"HTTP-QuickBase","3.0","2"
"HTTP-Recorder","3.7","3"
"HTTP-Router","2.0","1"
"HTTP-Server-Brick","4.5","2"
"HTTP-Server-Simple","3.4","9"
"HTTP-Size","4.0","1"
"HTTP-WebTest","4.8","4"
"Hardware-Vhdl-Parser","4.0","1"
"Hash-AsObject","5.0","2"
"Hash-Diff-Dispatch","1.0","1"
"Hash-Flatten","5.0","1"
"Hash-Merge","4.0","1"
"Hash-Merge-Simple","3.0","2"
"Haver-Server","1.0","1"
"Heap","3.0","2"
"Hoof","1.0","2"
"Hook-LexWrap","4.0","1"
"IDNA-Punycode","2.0","1"
"IMAP-Client","3.0","1"
"IMDB-Movie","3.0","1"
"IO-All","4.4","9"
"IO-CSVHeaderFile","2.0","1"
"IO-Callback","5.0","1"
"IO-CaptureOutput","5.0","3"
"IO-Interactive","5.0","1"
"IO-Interface","5.0","1"
"IO-Lambda","5.0","1"
"IO-Moose","3.0","2"
"IO-Prompt","2.8","4"
"IO-Socket-PortState","5.0","1"
"IO-Socket-SSL","4.5","2"
"IO-String","4.3","3"
"IO-Tokenized","2.0","1"
"IO-Toolkit","1.0","1"
"IO-Util","2.5","2"
"IO-Zlib","4.0","3"
"IO-stringy","5.0","1"
"IOToolkit","1.0","1"
"IO_CSVHeaderFile","5.0","1"
"IP-Country","5.0","3"
"IPC-Cmd","5.0","1"
"IPC-DirQueue","4.7","3"
"IPC-Exe","5.0","1"
"IPC-Lite","4.0","1"
"IPC-Open3-Simple","4.0","1"
"IPC-PubSub","4.0","1"
"IPC-Run","4.0","3"
"IPC-Run3","4.5","2"
"IPC-ShareLite","3.3","3"
"IPC-SharedCache","2.0","2"
"IPC-System-Simple","5.0","2"
"IPTables-IPv4","1.5","2"
"IWL","1.0","1"
"Image-Delivery","4.0","1"
"Image-EXIF","3.0","3"
"Image-Epeg","1.0","1"
"Image-ExifTool","4.8","8"
"Image-Grab","5.0","1"
"Image-IPTCInfo","5.0","2"
"Image-Info","4.7","6"
"Image-LibRSVG","3.0","1"
"Image-Math-Constrain","5.0","1"
"Image-Resize","4.0","2"
"Image-Size","5.0","3"
"Image-Timeline","3.0","1"
"Imager","4.8","12"
"Imager-DTP","4.0","1"
"ImplicitThis","1.0","1"
"Inline","5.0","1"
"Inline-CPP","2.5","2"
"Inline-Files","5.0","1"
"Inline-Java","5.0","4"
"Inline-Struct","3.0","1"
"Inline-TT","4.0","1"
"Interpolate","1.0","1"
"Iterator","3.0","2"
"Iterator-Diamond","5.0","1"
"Iterator-File","5.0","1"
"JE","4.0","3"
"JIRA-Client","4.3","3"
"JS-JS","1.0","1"
"JSON","4.2","6"
"JSON-CPAN-Meta","2.0","1"
"JSON-Syck","1.0","1"
"JSON-XS","4.6","7"
"Jabber-Connection","4.0","1"
"Jabber-Lite","1.0","1"
"Java","5.0","1"
"Java-Import","5.0","1"
"Java-Swing","4.0","1"
"JavaScript","3.8","5"
"JavaScript-Beautifier","5.0","1"
"JavaScript-Minifier","5.0","2"
"JavaScript-Minifier-XS","5.0","2"
"JavaScript-SpiderMonkey","5.0","1"
"JavaScript-Squish","2.0","1"
"Jemplate","5.0","2"
"Judy","5.0","1"
"Jvm","1.0","1"
"KinoSearch","5.0","2"
"Kolab","1.0","1"
"Kwiki","2.6","8"
"Kwiki-Attachments","4.0","3"
"Kwiki-ShortcutLinks","5.0","2"
"Kwiki-Spork","2.0","1"
"Kwiki-Theme-TabNav","4.0","1"
"Kwiki-Weather","1.0","1"
"LISP","2.0","2"
"LaTeX-Parser","1.0","1"
"LaTeX-Pod","5.0","1"
"LaTeX-TOM","2.0","1"
"Language-Prolog-Yaswi","5.0","1"
"Lexical-Persistence","5.0","2"
"Lingua-Conjunction","5.0","1"
"Lingua-DE-Num2Word","4.0","1"
"Lingua-EN-AddressParse","3.5","2"
"Lingua-EN-Inflect","4.7","3"
"Lingua-EN-Keywords","2.0","1"
"Lingua-EN-NameCase","4.0","1"
"Lingua-EN-NamedEntity","3.0","1"
"Lingua-EN-Nickname","4.0","1"
"Lingua-EN-Numbers","3.5","4"
"Lingua-EN-Numbers-Ordinate","5.0","1"
"Lingua-EN-Numericalize","5.0","2"
"Lingua-EN-Sentence","2.5","2"
"Lingua-EN-Tagger","4.0","2"
"Lingua-FA-Number","1.0","1"
"Lingua-Flags","3.0","1"
"Lingua-IT-Numbers","2.0","1"
"Lingua-Identify","4.0","2"
"Lingua-Ispell","4.0","2"
"Lingua-JA-Kana","3.0","1"
"Lingua-JA-Number","3.0","1"
"Lingua-JA-Numbers","5.0","1"
"Lingua-JA-Regular","1.0","1"
"Lingua-JA-Romaji","1.0","1"
"Lingua-NO-Num2Word","4.0","1"
"Lingua-Num2Word","5.0","1"
"Lingua-PT-Nums2Words","5.0","1"
"Lingua-Romana-Perligata","5.0","1"
"Lingua-Ru-Numeric-Declension","5.0","1"
"Lingua-SV-Num2Word","4.0","1"
"Lingua-Stem","5.0","1"
"Lingua-Translate","5.0","1"
"Lingua-Wordnet","2.0","1"
"Lingua-tlhInganHol-yIghun","5.0","1"
"Linux-Inotify2","3.5","4"
"Linux-LVM","2.0","1"
"Linux-Statistics","3.0","1"
"Lisp-Fmt","1.0","1"
"List-AllUtils","5.0","1"
"List-Compare","4.7","3"
"List-Cycle","4.0","1"
"List-Gen","5.0","1"
"List-Maker","4.0","1"
"List-MoreUtil","1.5","2"
"List-MoreUtils","4.6","5"
"List-Pairwise","5.0","1"
"List-PriorityQueue","4.0","1"
"LoadHtml","1.0","2"
"Locale-Country-Multilingual","4.0","1"
"Locale-Currency-Format","3.5","2"
"Locale-Hebrew","4.0","2"
"Locale-Maketext-Lexicon","4.5","2"
"Locale-SubCountry","4.0","2"
"LockFile-Simple","5.0","1"
"Log","1.0","1"
"Log-Delta","2.0","1"
"Log-Dispatch","5.0","2"
"Log-Dispatch-FileRotate","3.0","2"
"Log-Easy","2.5","4"
"Log-Handler","5.0","2"
"Log-Log4perl","4.6","8"
"Log-Procmail","5.0","1"
"Log-StdLog","1.0","1"
"Log-Tiny","3.0","2"
"Log-WarnDie","5.0","1"
"Logfile","3.0","1"
"Logger","1.0","1"
"Lucene","4.5","2"
"Lyrics-Fetcher-Google","4.0","1"
"MAB2","3.0","1"
"MARC-Lint","5.0","1"
"MD5-Reverse","1.0","1"
"MIME-Base64","5.0","2"
"MIME-Explode","5.0","1"
"MIME-Lite","4.7","11"
"MIME-Types","3.0","1"
"MIME-tools","3.4","5"
"MP3-Info","4.0","1"
"MP3-Info-set_mp3v2tag","4.0","1"
"MP3-PodcastFetch","4.0","1"
"MPEG-Audio-Frame","4.0","1"
"MPEG-MP3Play","4.0","1"
"MQSeries","4.3","3"
"Mac-Carbon","1.0","1"
"Mac-Errors","5.0","1"
"Mac-Glue","4.5","2"
"Mac-Growl","5.0","1"
"Mac-PropertyList","3.3","3"
"Mac-PropertyList-SAX","4.0","1"
"Mac-Spotlight","1.0","1"
"Mac-iPod-GNUpod","5.0","1"
"Mail-Addressbook-Convert","2.0","1"
"Mail-Audit","4.0","2"
"Mail-Box","3.3","3"
"Mail-Cclient","1.0","1"
"Mail-CheckUser","2.5","2"
"Mail-ClamAV","1.0","1"
"Mail-DKIM","5.0","2"
"Mail-DeliveryStatus-BounceParser","1.0","1"
"Mail-IMAPClient","4.0","6"
"Mail-IMAPTalk","4.0","2"
"Mail-Mbox-MessageParser","2.5","2"
"Mail-MboxParser","3.7","3"
"Mail-POP3Client","5.0","1"
"Mail-SRS","2.0","1"
"Mail-SendEasy","5.0","3"
"Mail-Sender","5.0","5"
"Mail-Sender-0.8.10","4.0","1"
"Mail-Sender-Easy","4.5","2"
"Mail-Sendmail","4.6","8"
"Mail-SpamAssassin","4.7","3"
"Mail-SpamAssassin-SpamCopURI","5.0","2"
"Mail-Transport-Dbx","5.0","1"
"Mail-Webmail-Gmail","2.5","2"
"MailTools","3.0","4"
"Makefile-Parser","5.0","1"
"MasonX-Interp-WithCallbacks","4.0","1"
"MasonX-Request-WithApacheSession","3.0","1"
"Math","1.3","4"
"Math-Algebra-Symbols","5.0","1"
"Math-BaseCalc","5.0","2"
"Math-BigInt","4.0","1"
"Math-BigInt-Named","3.0","1"
"Math-BigSimple","4.0","1"
"Math-Cephes","5.0","1"
"Math-Combinatorics","4.4","5"
"Math-Curve-Hilbert","2.0","1"
"Math-Expression-Evaluator","5.0","1"
"Math-Fractal-Noisemaker","4.0","1"
"Math-Geometry-Planar-GPC-Polygon","4.0","1"
"Math-LP-Solve","4.0","1"
"Math-MatrixReal","4.0","1"
"Math-MatrixSparse","1.0","1"
"Math-MultiplicationTable","1.0","1"
"Math-Numbers","3.0","1"
"Math-Polygon","4.7","3"
"Math-RPN","4.0","2"
"Math-Random-MT","5.0","1"
"Math-RandomOrg","5.0","1"
"Math-Round-Var","5.0","1"
"Math-TrulyRandom","1.0","1"
"Math-VectorReal","5.0","1"
"Math-XOR","1.0","3"
"Math-Zap","3.0","1"
"Maypole","4.0","2"
"Mcrypt","5.0","1"
"Media-Type-Simple","3.0","1"
"MediaWiki-API","5.0","3"
"MediaWiki-DumpFile","5.0","1"
"Memoize","5.0","2"
"MetaStore","1.0","1"
"Metadata","5.0","1"
"Method-Signatures","5.0","1"
"Method-Signatures-Simple","5.0","1"
"MiscUtils","1.0","1"
"Mobile-UserAgent","5.0","1"
"ModPerl2-Tools","5.0","1"
"Modern-Perl","5.0","2"
"Module-Build","3.2","19"
"Module-CPANTS-Analyse","3.0","2"
"Module-Changes","2.7","3"
"Module-CoreList","5.0","4"
"Module-Dependency","3.0","2"
"Module-Info","5.0","1"
"Module-Inspector","2.0","2"
"Module-Install","4.0","7"
"Module-Install-CheckLib","5.0","1"
"Module-Install-XSUtil","5.0","1"
"Module-InstalledVersion","3.0","1"
"Module-Load","5.0","1"
"Module-MakefilePL-Parse","5.0","1"
"Module-Mask","5.0","1"
"Module-Pluggable","4.3","3"
"Module-Pluggable-Fast","1.0","2"
"Module-Refresh","5.0","1"
"Module-Release-Extras","4.0","1"
"Module-Reload","5.0","1"
"Module-Signature","3.0","4"
"Module-Starter","3.6","5"
"Module-ThirdParty","5.0","1"
"Module-Versions-Report","4.0","1"
"Mojo","4.0","1"
"MongoDB","4.5","2"
"Monkeywrench","1.0","1"
"Moose","4.8","12"
"Moose-Tiny","3.1","8"
"MooseX-Alien","4.0","1"
"MooseX-AttributeHelpers","5.0","3"
"MooseX-Log-Log4perl","5.0","1"
"MooseX-LogDispatch","5.0","2"
"MooseX-Meta-Attribute-Index","5.0","1"
"MooseX-Meta-Attribute-Lvalue","2.0","1"
"MooseX-Method-Signatures","3.0","1"
"MooseX-MethodAttributes","3.0","2"
"MooseX-NonMoose","5.0","1"
"MooseX-Role-Parameterized","5.0","1"
"MooseX-Singleton","5.0","1"
"MooseX-Types-Path-Class","3.0","1"
"Mouse","5.0","3"
"Mozilla-DOM","5.0","1"
"Mozilla-Mork","2.0","1"
"Msql-Mysql-modules","5.0","1"
"MusicBrainz-DiscID","5.0","1"
"MySQL-Diff","5.0","2"
"MySQL-Easy","4.0","1"
"MySQL-Sandbox","5.0","1"
"MySQL-Slurp","5.0","1"
"Mysql-Query-Parser","1.0","1"
"NCBI","1.0","1"
"NEXT","5.0","1"
"Nagios-NSCA","2.0","1"
"Nagios-Object","2.0","1"
"Nagios-Plugin","5.0","1"
"Nes","5.0","1"
"Net-AIM","3.0","1"
"Net-ARP","1.0","3"
"Net-Address-Ethernet","5.0","1"
"Net-Amazon","5.0","2"
"Net-Amazon-EC2","5.0","1"
"Net-Amazon-Signature","4.0","1"
"Net-Appliance-Session","5.0","1"
"Net-BGP","3.0","1"
"Net-CDDBSearch","4.0","1"
"Net-CDP","3.0","1"
"Net-CIDR-Lite","5.0","1"
"Net-CUPS","4.0","1"
"Net-Common","1.0","1"
"Net-DBus","3.5","2"
"Net-DHCP","4.0","1"
"Net-DNS","4.2","5"
"Net-DNS-Check","4.0","1"
"Net-DNS-IgnoreVerisign","1.0","1"
"Net-DRI","5.0","1"
"Net-Delicious","4.0","2"
"Net-Dev-MIBLoadOrder","4.0","1"
"Net-Dict","4.5","2"
"Net-Domain-ExpireDate","5.0","1"
"Net-Domain-TLD","4.0","1"
"Net-ESMTP","4.0","1"
"Net-FS-Flickr","5.0","1"
"Net-FTP-Common","1.0","1"
"Net-FTP-Recursive","2.5","2"
"Net-FTP-Throttle","5.0","1"
"Net-Flickr-Backup","4.0","1"
"Net-Frame","4.0","1"
"Net-Google-Calendar","4.5","2"
"Net-Google-GData","1.0","1"
"Net-GrowlClient","5.0","1"
"Net-HTTPServer","4.5","2"
"Net-ICal","2.0","1"
"Net-IMAP-Simple-SSL","4.0","1"
"Net-IP-CMatch","4.0","1"
"Net-IP-Match","3.5","2"
"Net-IP-Match-Regexp","2.0","1"
"Net-IP-Match-XS","4.0","2"
"Net-IRC","3.5","2"
"Net-IRCService","2.0","1"
"Net-Ident","5.0","1"
"Net-Interface","2.0","1"
"Net-Jabber","2.5","4"
"Net-Jabber-Bot","5.0","1"
"Net-LPR","3.0","2"
"Net-Laconica","1.0","1"
"Net-Libdnet","3.0","1"
"Net-LimeLight-Purge","4.0","1"
"Net-Lite-XMPP","1.0","1"
"Net-MAC-Vendor","4.5","2"
"Net-MSN","3.0","1"
"Net-MacMap","1.0","1"
"Net-MovableType","5.0","1"
"Net-Msmgr","4.0","1"
"Net-MySQL","3.3","3"
"Net-Netid","2.0","1"
"Net-Netmask","5.0","2"
"Net-OSCAR","4.8","4"
"Net-OpenID-Consumer","3.0","2"
"Net-OpenID-JanRain","1.0","1"
"Net-OpenSSH","5.0","1"
"Net-Pcap","4.5","2"
"Net-Ping-External","5.0","1"
"Net-PingFM","4.0","1"
"Net-Proxy","5.0","1"
"Net-RBLClient","5.0","1"
"Net-Rendezvous-Publish","4.5","2"
"Net-Rendezvous-Publish-Backend-Apple","4.0","1"
"Net-Rsh","2.0","1"
"Net-SFTP","2.7","3"
"Net-SFTP-Foreign","5.0","3"
"Net-SFTP-Recursive","1.0","1"
"Net-SMS","1.0","1"
"Net-SMS-Mtnsms","1.0","1"
"Net-SMS-PChome","1.0","1"
"Net-SMS-Web","1.0","1"
"Net-SMTP-TLS","3.5","2"
"Net-SMTP_auth","5.0","2"
"Net-SSH","4.0","1"
"Net-SSH-Perl","3.6","11"
"Net-SSH2","4.0","3"
"Net-SSLeay","5.0","2"
"Net-Server","4.3","4"
"Net-Server-Mail","5.0","1"
"Net-Server-POP3proxy","5.0","1"
"Net-Squid-Purge","1.0","1"
"Net-Stomp","5.0","3"
"Net-Telnet","4.0","4"
"Net-Telnet-Cisco","5.0","2"
"Net-Traceroute-PurePerl","5.0","1"
"Net-Trackback","4.0","1"
"Net-Twitter","4.0","5"
"Net-Twitter-Lite","5.0","2"
"Net-UCP","3.7","3"
"Net-VNC","5.0","1"
"Net-Whois","1.0","3"
"Net-Whois-IANA","2.0","1"
"Net-Whois-IP","3.0","1"
"Net-Whois-Raw","5.0","1"
"Net-XWhois","2.0","1"
"Net-YahooMessenger","1.0","1"
"Net-Z3950-ZOOM","2.5","2"
"Net-validMX","2.0","1"
"NetAddr-IP","5.0","3"
"NetApp","5.0","1"
"NetServer-SMTP","1.0","1"
"Net_SSLeay.pm","1.0","1"
"Netscape-Bookmarks","3.0","1"
"NetxAP","1.0","2"
"Nevermore","1.0","1"
"Newt","4.0","1"
"Nmap-Parser","5.0","2"
"Nmap-Parser-XML","4.7","3"
"Nothing-Tiny","1.3","6"
"Number-Format","5.0","2"
"Number-Phone-US","1.0","1"
"Number-Range","5.0","1"
"Number-Spell","4.0","1"
"OAI-Harvester","4.0","1"
"OLE-Storage_Lite","5.0","1"
"OO-DateTime","1.0","1"
"OODoc","4.0","1"
"OOP","1.0","1"
"OOTools","4.6","5"
"OP","1.0","1"
"Object-Declare","4.0","1"
"Object-Destroyer","5.0","1"
"Object-Disoriented","5.0","1"
"Object-Event","5.0","1"
"Object-InsideOut","4.5","2"
"Object-Lexical","1.0","1"
"Object-Mediator","5.0","1"
"Object-MultiType","5.0","1"
"Object-PerlDesignPatterns","3.0","4"
"Object-Simple","1.0","1"
"Object-Tiny","5.0","1"
"ObjectivePerl","4.0","1"
"Ocsinventory-Agent","5.0","1"
"Ogg-Vorbis-Header","3.0","1"
"OpenGL","4.3","4"
"OpenGuides","3.8","4"
"OpenOffice-OOBuilder","1.0","1"
"OpenOffice-OODoc","4.3","4"
"OpenSSL","2.0","2"
"Opt","1.0","1"
"OreOre-Danjou-HelloWorld","1.0","1"
"Oryx","3.0","1"
"OurNet-BBSAgent","1.0","1"
"OurNet-Query","5.0","1"
"Ovid","3.0","1"
"P4","3.3","3"
"PAR","5.0","3"
"PAR-Packer","5.0","1"
"PApp","3.0","1"
"PApp-SQL","5.0","1"
"PDF-API2","4.0","12"
"PDF-API2-0.40_18b","4.0","1"
"PDF-API2-Simple","4.7","3"
"PDF-Create","4.0","1"
"PDF-Reuse","4.4","5"
"PDF-Xtract","1.0","1"
"PDFREP","1.0","1"
"PDL","5.0","2"
"PDL-2.4.0","5.0","1"
"PDL-NetCDF","5.0","1"
"PHP-Perlinfo","1.0","1"
"PHP-Session","4.0","3"
"PJVM","5.0","1"
"PLP","5.0","1"
"POE","4.9","13"
"POE-Component-CSS-Minifier","1.0","1"
"POE-Component-Client-Asterisk-Manager","4.0","1"
"POE-Component-Client-LDAP","3.0","1"
"POE-Component-Client-Telnet","5.0","1"
"POE-Component-Cron","3.0","1"
"POE-Component-EasyDBI","4.0","1"
"POE-Component-Generic","5.0","1"
"POE-Component-IRC","5.0","3"
"POE-Component-IRC-Plugin-BaseWrap","4.0","1"
"POE-Component-IRC-Plugin-Data-SimplePassword","1.0","1"
"POE-Component-IRC-Plugin-Syntax-Highlight-CSS","1.0","1"
"POE-Component-IRC-Plugin-WWW-Google-Time","1.0","1"
"POE-Component-Proxy-TCP","1.0","1"
"POE-Component-Server-HTTP","5.0","1"
"POE-Component-Server-IRC","4.0","1"
"POE-Component-Server-SimpleHTTP","4.0","1"
"POE-Component-SimpleDBI","5.0","1"
"POE-Component-WWW-Google-Calculator","1.0","1"
"POE-Component-WWW-XKCD-AsText","1.0","1"
"POE-Component-WWW-YouTube-VideoURI","1.0","1"
"POE-Component-WebService-HtmlKitCom-FavIconFromImage","1.0","1"
"POE-Component-WebService-Validator-CSS-W3C","1.0","1"
"POE-Wheel-Run-Win32","4.5","2"
"POOF","2.0","1"
"POSIX-strptime","5.0","1"
"PPI","5.0","7"
"PPIx-Shorthand","4.0","1"
"PPM-Make","4.0","1"
"PPerl","5.0","1"
"PSQL-Query","3.0","2"
"PTools","1.0","2"
"PXP","4.0","1"
"Package-Constants","3.0","1"
"Package-Generator","4.0","1"
"PadWalker","4.3","3"
"Padre-Plugin-WebGUI","5.0","1"
"ParaDNS","5.0","1"
"Parallel-ForkManager","4.2","6"
"ParallelUserAgent","4.0","1"
"Params-Check","5.0","1"
"Params-Clean","1.0","1"
"Params-Util","4.7","3"
"Params-Validate","4.7","7"
"Parse-AccessLogEntry","5.0","1"
"Parse-Binary","5.0","1"
"Parse-CPAN-Packages","4.0","1"
"Parse-CSV","5.0","2"
"Parse-FixedLength","5.0","1"
"Parse-Flex","1.0","1"
"Parse-Marpa","5.0","1"
"Parse-MediaWikiDump","4.0","1"
"Parse-RecDescent","3.7","10"
"Parse-RecDescent-FAQ","4.0","1"
"Parse-Win32Registry","5.0","1"
"Parse-Yapp","4.7","6"
"ParseLex","2.0","2"
"ParseTemplate","2.0","1"
"Passwd-Linux","3.0","2"
"Passwd-Solaris","5.0","1"
"Passwd-Unix","4.0","1"
"PatchReader","4.0","1"
"Path-Class","4.8","9"
"Path-Trim","2.0","1"
"PathTools","3.8","5"
"Perf-Stopwatch","5.0","1"
"Perl-Critic","4.4","10"
"Perl-Critic-Moose","5.0","1"
"Perl-Critic-Pulp","5.0","1"
"Perl-Dist-Strawberry","5.0","3"
"Perl-Dist-Vanilla","5.0","2"
"Perl-MinimumVersion","4.0","3"
"Perl-RPM","1.5","2"
"Perl-Repository-APC","4.5","2"
"Perl-Shell","3.0","1"
"Perl-Tags","5.0","1"
"Perl-Tidy","5.0","4"
"Perl-Visualize","5.0","1"
"Perl6-Attributes","5.0","2"
"Perl6-Classes","3.0","1"
"Perl6-Export-Attrs","4.0","1"
"Perl6-Junction","5.0","2"
"Perl6-Pod","1.0","1"
"Perl6-Pugs","5.0","2"
"Perl6-Rules","5.0","1"
"PerlBuildSystem","4.0","1"
"PerlIO-Util","5.0","1"
"PerlIO-fse","5.0","1"
"PerlMagick","3.9","8"
"PerlQt","5.0","1"
"PerlSpeak","5.0","1"
"Perlcast","1.0","1"
"Perldoc-Server","4.0","1"
"Petal","4.8","6"
"Picasa","2.0","1"
"Pipeline","5.0","1"
"Pixie","1.0","1"
"Plack","5.0","2"
"Plagger","5.0","2"
"Plucene","3.0","2"
"Pod-Advent","5.0","1"
"Pod-Browser","5.0","1"
"Pod-Coverage","4.5","4"
"Pod-Escapes","5.0","1"
"Pod-Html","3.0","1"
"Pod-HtmlEasy","5.0","1"
"Pod-HtmlHelp","2.0","1"
"Pod-Manual","5.0","1"
"Pod-POM","3.0","2"
"Pod-POM-Web","5.0","3"
"Pod-Parser","3.5","2"
"Pod-Pdf","4.5","2"
"Pod-ProjectDocs","4.8","4"
"Pod-Readme","3.5","2"
"Pod-Server","5.0","1"
"Pod-Simple","4.5","6"
"Pod-Simple-Wiki","4.0","1"
"Pod-Usage-CGI","1.0","1"
"Pod-WSDL","5.0","1"
"Pod-Wrap","3.0","1"
"Pod-XML","4.0","1"
"Pod-Xhtml","5.0","1"
"PodParser","5.0","1"
"PodToHTML","2.0","1"
"PostScript-Calendar","4.0","1"
"PostScript-Report","5.0","1"
"PowerTools-Data","4.0","1"
"Prima","4.0","1"
"Proc-Application","2.0","1"
"Proc-Class","2.0","1"
"Proc-Exists","2.5","4"
"Proc-Fork","5.0","1"
"Proc-InvokeEditor","5.0","1"
"Proc-PID-File","5.0","1"
"Proc-PID-File-Fcntl","5.0","1"
"Proc-ProcessTable","4.7","3"
"Proc-Queue","4.5","2"
"Proc-Reliable","4.5","2"
"Proc-Simple","5.0","1"
"Provision-Unix","5.0","2"
"Python-Serialise-Pickle","3.0","2"
"QtCore","1.0","1"
"Quantum-Superpositions","5.0","1"
"Quota","5.0","1"
"RDF-Query","3.0","1"
"RPC-JSON","5.0","1"
"RPC-Simple","1.0","1"
"RPC-XML","4.7","3"
"RPM-Header-PurePerl","2.0","1"
"RPM-Tools","1.0","1"
"RPM-VersionSort","5.0","1"
"RPM4","1.0","1"
"RRD-Simple","5.0","4"
"RRDTool-OO","5.0","1"
"RT-Client-REST","5.0","1"
"RT-Integration-SVN","3.0","1"
"RTF-Generator","1.0","1"
"RTF-Parser","1.8","4"
"RTF-Reader","2.0","1"
"RTF-Tokenizer","5.0","1"
"RTF-Writer","4.0","1"
"RTx-Calendar","4.0","1"
"RTx-EmailCompletion","4.5","2"
"RTx-Foundry","2.0","1"
"RTx-Timeline","2.0","1"
"Rcs","4.5","2"
"Rcs-Agent","4.0","1"
"Rcs-Parser","1.0","1"
"Readonly","4.5","2"
"Regexp-Any","1.0","1"
"Regexp-Assemble","5.0","2"
"Regexp-Common","4.2","6"
"Regexp-Common-Email-Address","1.0","1"
"Regexp-Common-debian","1.0","1"
"Regexp-Constant","3.0","1"
"Regexp-DefaultFlags","5.0","1"
"Regexp-Genex","5.0","1"
"Regexp-Grammars","4.0","1"
"Regexp-Log","5.0","1"
"Regexp-Log-BlueCoat","1.0","1"
"Regexp-Log-Common","5.0","2"
"Regexp-Parser","4.0","1"
"Regexp-Profanity-US","1.5","2"
"Religion-Islam-Quran","4.0","5"
"Return-Value","3.7","3"
"RiveScript","5.0","1"
"Roll","1.0","2"
"Rose","3.0","4"
"Rose-DB","5.0","1"
"Rose-DB-Object","5.0","6"
"Rose-DBx-Object-Renderer","5.0","1"
"Rose-HTML-Objects","5.0","2"
"Runescape-Stats","5.0","2"
"SAP-Rfc","4.7","3"
"SAP-WAS-SOAP","1.0","1"
"SCALP","1.0","1"
"SML-Template","1.0","1"
"SMS_API","3.0","1"
"SMTP-Server","1.5","2"
"SNMP-Info","5.0","1"
"SOAP-Amazon-S3","4.5","2"
"SOAP-Lite","3.0","11"
"SOAP-Lite-0.60a","4.0","1"
"SOAP-Lite-Simple","4.0","1"
"SOAP-MIME","4.0","1"
"SOAP-MySOAP","1.0","2"
"SPOPS","3.7","6"
"SPOPSx-Ginsu","3.0","1"
"SQL-Abstract","4.4","8"
"SQL-Abstract-Limit","5.0","1"
"SQL-Beautify","4.0","1"
"SQL-Interpolate","5.0","1"
"SQL-Library","5.0","1"
"SQL-Statement","4.0","1"
"SQL-Translator","3.8","13"
"SVG","5.0","1"
"SVG-Graph","2.5","2"
"SVG-TT-Graph","5.0","2"
"SVGGraph","3.0","1"
"SVK","4.2","5"
"SVN-Churn","4.0","1"
"SVN-Dump","5.0","2"
"SVN-DumpReloc","2.0","1"
"SVN-Hooks","5.0","2"
"SVN-Notify","4.3","9"
"SWF-Builder","5.0","1"
"SWISH-HiLiter","4.0","1"
"Safe-Hole","5.0","1"
"Scalar-List-Utils","4.6","5"
"Scalar-Util-Refcount","1.0","1"
"Schedule-Cron","4.5","2"
"Schedule-Load","5.0","1"
"Schema-RDBMS-AUS","2.0","1"
"Scope-Upper","4.0","1"
"Script-Sub-Import","1.5","2"
"Script-isAperlScript","1.0","1"
"Search-Binary","4.0","1"
"Search-FreeText","4.0","1"
"Search-Indexer","4.0","1"
"Search-QueryParser","5.0","2"
"Search-Tools","5.0","3"
"Search-VectorSpace","5.0","1"
"Search-Xapian","3.8","4"
"Sendmail-Milter","1.0","1"
"Set-Object","3.7","3"
"Set-Partition","5.0","1"
"Set-Scalar","4.0","1"
"Sex","5.0","1"
"Shell-POSIX-Select","4.0","1"
"ShipIt","4.5","2"
"Shipwright","2.5","2"
"SimpleMood","1.0","1"
"SimpleMySQL","1.0","1"
"Sman","3.0","2"
"Smart-Comments","5.0","3"
"Snail-CSV","1.0","1"
"Solaris-NDDI","5.0","1"
"Solr","3.0","1"
"Sort-External","3.0","2"
"Sort-Flat","1.0","1"
"Sort-Key","4.5","2"
"Sort-Maker","5.0","1"
"Sort-Naturally","4.3","4"
"Sort-NoCase","1.0","5"
"Sort-Radix","1.0","1"
"Source-of-all-knowledge","1.0","1"
"Sparse","3.5","2"
"Spiffy","1.0","2"
"Spread","4.0","1"
"Spread-Message","2.0","1"
"Spread-Session","5.0","1"
"Spreadsheet-BasicRead","4.0","1"
"Spreadsheet-ParseExcel","4.6","8"
"Spreadsheet-ParseExcel-Simple","4.0","2"
"Spreadsheet-Read","4.5","2"
"Spreadsheet-WriteExcel","4.7","23"
"Spreadsheet-WriteExcel-FromXML","3.3","3"
"Spreadsheet-WriteExcel-Styler","5.0","1"
"Spreadsheet-WriteExcel-Worksheet-SheetProtection","5.0","1"
"Spreadsheet-WriteExcelXML","5.0","2"
"Spreadsheet-XLSX","3.3","4"
"Squatting","5.0","1"
"Statistics-Basic","3.3","3"
"Statistics-Descriptive","4.5","4"
"Statistics-Distributions","4.0","2"
"Statistics-LineFit","5.0","1"
"Statistics-Lite","3.0","1"
"Statistics-OLS","1.0","1"
"Statistics-R","3.0","4"
"Statistics-Regression","3.0","1"
"Storable","5.0","3"
"Storable-AMF","5.0","1"
"String","1.0","1"
"String-Approx","3.0","2"
"String-Buffer","1.0","1"
"String-CRC32","4.0","1"
"String-Charcount","1.0","1"
"String-CodiceFiscale","5.0","2"
"String-Diff","4.0","2"
"String-Divert","5.0","1"
"String-Iota","2.0","1"
"String-LCSS","1.0","1"
"String-ShellQuote","5.0","2"
"String-Similarity","5.0","1"
"String-String","1.0","1"
"String-Strip","2.0","1"
"String-Thai-Segmentation","2.0","1"
"String-Tokenizer","4.5","2"
"String-Truncate","3.0","1"
"String-Work","1.0","4"
"Sub-Attribute","5.0","1"
"Sub-Call-Tail","5.0","1"
"Sub-Exporter","5.0","3"
"Sub-Install","5.0","1"
"Sub-Installer","1.7","3"
"Sub-Installer-0.0.2","4.0","1"
"Sub-MicroSig","5.0","1"
"Sub-Override","4.0","1"
"Sub-Recursive","5.0","2"
"Sub-Uplevel","5.0","2"
"Sub-Usage","4.0","1"
"Sudoku","1.5","2"
"SuperLog","1.0","1"
"SuperPython","3.3","6"
"Switch","4.0","2"
"Symbol-Util","3.0","2"
"Syntax-Highlight-Engine-Kate","4.5","4"
"Syntax-Highlight-HTML","4.0","2"
"Sys-CpuLoad","3.0","2"
"Sys-Filesystem","2.3","3"
"Sys-Hostname-Long","1.0","1"
"Sys-Load","2.0","1"
"Sys-Mmap","5.0","1"
"Sys-SigAction","4.8","4"
"Sys-Statistics-Linux","5.0","4"
"Sys-Syslog","3.0","1"
"Sysadm-Install","5.0","1"
"TAP-Formatter-HTML","5.0","1"
"TAP-Harness-JUnit","4.0","1"
"TV-Anytime","1.0","1"
"Tangram","2.5","2"
"Task","3.0","2"
"Task-BeLike-BINGOS","3.0","2"
"Task-BeLike-RJBS","3.4","5"
"Task-Kensho","5.0","1"
"Task-Sites-ShlomiFish","1.0","1"
"Tcl","5.0","1"
"Tcl-Tk","5.0","1"
"TclTk","5.0","1"
"TeX-Encode","3.0","1"
"Telephony-CountryDialingCodes","4.0","1"
"Template","1.0","3"
"Template-Alloy","5.0","2"
"Template-Averse","1.0","1"
"Template-Benchmark","4.0","1"
"Template-Extract","4.5","4"
"Template-Magic","5.0","2"
"Template-Multilingual","3.0","1"
"Template-Patch","4.0","1"
"Template-Plugin-Comma","5.0","1"
"Template-Plugin-Nbsp","1.0","1"
"Template-Plugin-PwithBR","5.0","1"
"Template-Plugin-Tooltip","4.0","1"
"Template-Plugin-XML-Escape","5.0","1"
"Template-Simple","3.0","1"
"Template-Toolkit","4.6","20"
"Templates","1.0","1"
"Tenjin","5.0","1"
"Term-ANSIScreen","2.0","1"
"Term-ProgressBar","5.0","1"
"Term-ProgressBar-Simple","4.0","1"
"Term-Prompt","5.0","1"
"Term-ReadPassword","5.0","1"
"Term-Shell","4.5","2"
"Term-Shell-Enhanced","5.0","1"
"Term-ShellUI","5.0","3"
"TermReadKey","4.0","1"
"Test","3.0","1"
"Test-Aggregate","5.0","1"
"Test-Base","5.0","2"
"Test-Block","5.0","1"
"Test-Builder-Tester","4.0","1"
"Test-CheckManifest","4.5","2"
"Test-Class","4.6","8"
"Test-Class-Most","5.0","1"
"Test-ClassAPI","5.0","1"
"Test-DatabaseRow","4.3","4"
"Test-Deep","4.9","7"
"Test-Dependencies","2.0","2"
"Test-Differences","4.5","2"
"Test-Distribution","4.0","1"
"Test-Easy","2.0","1"
"Test-Exception","4.8","6"
"Test-Exception-LessClever","5.0","1"
"Test-ExistsExecutable","1.0","2"
"Test-Expect","5.0","1"
"Test-Fixme","4.5","2"
"Test-FormValidator","5.0","1"
"Test-Functional","3.0","2"
"Test-HTML-Content","3.5","2"
"Test-Harness","4.2","5"
"Test-Image-GD","4.0","1"
"Test-Inline","5.0","1"
"Test-Inspector","2.0","1"
"Test-JSON","4.0","1"
"Test-JavaScript","4.0","1"
"Test-LeakTrace","5.0","1"
"Test-LectroTest","5.0","2"
"Test-LongString","5.0","3"
"Test-Mock-LWP","2.5","2"
"Test-MockDBI","3.0","1"
"Test-MockModule","4.0","1"
"Test-MockObject","4.4","5"
"Test-MockTime","5.0","1"
"Test-More-Strict","5.0","1"
"Test-More-UTF8","3.0","1"
"Test-Most","5.0","1"
"Test-NoWarnings","5.0","2"
"Test-Number-Delta","5.0","2"
"Test-PerlTidy","4.0","1"
"Test-Plan","4.0","1"
"Test-Pod","4.5","2"
"Test-Pod-Coverage","4.0","5"
"Test-Portability-Files","4.0","1"
"Test-Prereq","4.3","3"
"Test-Reporter","4.0","4"
"Test-Requires","5.0","1"
"Test-Server","5.0","1"
"Test-Simple","4.8","4"
"Test-Smart","4.0","1"
"Test-Spelling","5.0","2"
"Test-Strict","4.5","2"
"Test-Sweet","5.0","1"
"Test-TAP","3.7","3"
"Test-TAP-HTMLMatrix","4.0","2"
"Test-TAP-Model","3.0","1"
"Test-TCP","5.0","1"
"Test-TempDatabase","1.0","4"
"Test-Tester","5.0","1"
"Test-Trap","5.0","2"
"Test-UniqueTestNames","5.0","1"
"Test-Unit","2.8","5"
"Test-Unit-Lite","5.0","1"
"Test-Unit-Runner-Xml","5.0","1"
"Test-WWW-Mechanize","5.0","3"
"Test-WWW-Mechanize-Catalyst","5.0","1"
"Test-WWW-Selenium","3.0","2"
"Test-Warn","4.6","5"
"Test-Without-Module","4.5","2"
"Test-XML","2.5","2"
"Test-XML-Deep","3.0","1"
"Test-use-ok","5.0","1"
"Test.php","2.5","2"
"Text-ASCIITable","3.0","2"
"Text-Aspell","3.3","3"
"Text-Autoformat","3.0","1"
"Text-Balanced","3.5","4"
"Text-Banner","3.0","1"
"Text-BibTeX","3.0","2"
"Text-CSV","5.0","1"
"Text-CSV-Encoded","5.0","1"
"Text-CSV-Simple","2.5","2"
"Text-CSV-Slurp","5.0","1"
"Text-CSV_Multiline","1.0","1"
"Text-CSV_XS","4.9","7"
"Text-ChaSen","1.0","1"
"Text-DeDuper","5.0","1"
"Text-Delimited","3.0","1"
"Text-Diff","4.0","1"
"Text-DoubleMetaphone","5.0","1"
"Text-ExtractWords","1.0","1"
"Text-FormatTable","5.0","1"
"Text-Iconv","5.0","2"
"Text-Levenshtein","1.0","1"
"Text-LevenshteinXS","2.0","1"
"Text-Lorem","5.0","1"
"Text-Markdown","4.0","2"
"Text-MicroMason","2.0","1"
"Text-NeatTemplate","2.0","1"
"Text-Original","5.0","1"
"Text-PDF","2.0","1"
"Text-Pluralize","3.0","2"
"Text-QuickTemplate","2.0","1"
"Text-Replace","1.0","5"
"Text-Rhombus","2.0","1"
"Text-Sequence","5.0","1"
"Text-Statistics-Latin","3.5","2"
"Text-StripAccents","1.0","1"
"Text-Table","4.3","8"
"Text-TabularDisplay","4.7","3"
"Text-Template","5.0","3"
"Text-Textile","5.0","1"
"Text-Tmpl","5.0","1"
"Text-Toalpha","1.0","2"
"Text-TransMetaphone","2.0","1"
"Text-Tree","5.0","1"
"Text-Trim","4.0","1"
"Text-Typography","5.0","1"
"Text-Unidecode","4.7","3"
"Text-VimColor","4.5","4"
"Text-Vpp","2.0","1"
"Text-vCard","3.0","2"
"Text-vFile","2.0","1"
"Text-xSV","5.0","1"
"ThousandWords","5.0","1"
"Thread-Pool","5.0","2"
"Thread-Queue-Any","5.0","3"
"Tie-CPHash","4.5","2"
"Tie-Cache-LRU","5.0","1"
"Tie-Cycle-Sinewave","1.0","1"
"Tie-DBI","5.0","1"
"Tie-Formatted","1.0","1"
"Tie-Gzip","1.0","1"
"Tie-Handle-CSV","3.0","1"
"Tie-Hash-Cannabinol","5.0","1"
"Tie-Hash-Indexed","4.5","2"
"Tie-Hash-RegexKeys","1.0","1"
"Tie-Hash-Sorted","5.0","1"
"Tie-InsertOrderHash","3.0","2"
"Tie-IxHash","4.8","6"
"Tie-Judy","5.0","2"
"Tie-OneOff","5.0","1"
"Tie-Sub","4.0","1"
"Tie-Tools","1.0","1"
"Time-Duration","4.5","2"
"Time-Format","4.5","2"
"Time-Fuzzy","2.0","1"
"Time-HiRes","5.0","5"
"Time-Interval","4.0","1"
"Time-Local","1.5","2"
"Time-Local-Extended","3.0","2"
"Time-Out","4.0","2"
"Time-Piece","5.0","1"
"Time-Piece-ISO","5.0","1"
"Time-Progress","4.0","1"
"Time-ProseClock","4.0","1"
"Time-Traveler","2.0","2"
"Time-modules","5.0","3"
"TimeConvert","1.0","2"
"TimeDate","4.3","3"
"Titanium","4.0","2"
"Tk","3.7","6"
"Tk-DBI-Form","4.0","1"
"Tk-DKW","4.0","1"
"Tk-Date","4.0","1"
"Tk-ForDummies-Graph","5.0","1"
"Tk-JComboBox","5.0","1"
"Tk-MDI","4.0","1"
"Tk-MListbox","4.5","2"
"Tk-ObjEditor","5.0","1"
"Tk-Pod","5.0","1"
"Tk-Preferences","5.0","1"
"Tk-TableMatrix","5.0","1"
"Tk-ToolBar","5.0","1"
"Tk-WaitBox","4.0","1"
"Tk-Wizard-Bases","3.5","2"
"TkCarp","3.0","1"
"Tkx","4.5","2"
"ToDo","2.0","1"
"ToolSet","3.7","3"
"Toolkit","4.0","2"
"Transform-Canvas","2.0","1"
"Tree-DAG_Node","5.0","1"
"Tree-Nary","2.0","1"
"Tree-Simple","4.0","2"
"Tree-Simple-VisitorFactory","5.0","1"
"Tree-Visualize","1.0","1"
"Tripletail","5.0","1"
"Try-Tiny","5.0","4"
"TryCatch","4.0","2"
"UI-Dialog","2.0","1"
"UML-Class-Simple","4.5","2"
"UML-State","4.0","1"
"UNIVERSAL-can","2.4","5"
"UNIVERSAL-clone","1.0","4"
"UNIVERSAL-exports","4.0","3"
"UNIVERSAL-isa","1.0","3"
"UNIVERSAL-require","3.0","2"
"UNIVERSAL-which","1.0","1"
"UNIX-Cal","1.0","1"
"URI","5.0","2"
"URI-Fetch","3.0","1"
"URI-Find","4.0","1"
"URI-Query","4.0","1"
"UniLog","1.0","1"
"Unicode-EastAsianWidth","5.0","1"
"Unicode-IMAPUtf7","4.0","1"
"Unicode-Japanese","4.0","1"
"Unicode-MapUTF8","5.0","2"
"Unix","1.0","6"
"Unix-ConfigFile","4.0","1"
"Util","1.0","2"
"Util-Any","5.0","1"
"Util-SelfDestruct","2.0","1"
"V","5.0","2"
"VFS","1.0","1"
"VFSsimple","1.0","1"
"Validator-Custom","2.0","1"
"Variable-Eject","5.0","1"
"Variable-Magic","5.0","1"
"Variable-Strongly-Typed","3.0","1"
"Video-Info","1.0","1"
"Video-Manip","2.0","4"
"Video-Xine","1.0","1"
"Visio","1.0","2"
"W3C-LinkChecker","4.3","3"
"W3C-LogValidator","4.0","1"
"WWW-AA","1.0","1"
"WWW-Amazon-Wishlist","4.0","1"
"WWW-Auth","1.0","1"
"WWW-Authen-Simple","4.0","1"
"WWW-Automate","1.0","2"
"WWW-Bugzilla3","4.0","1"
"WWW-CMS","1.0","1"
"WWW-Cache-Google","4.0","1"
"WWW-CheckSite","4.0","1"
"WWW-Comic","5.0","1"
"WWW-Contact","3.5","2"
"WWW-Facebook-API","5.0","4"
"WWW-Facebook-API-REST-Client","1.0","1"
"WWW-Favicon","1.0","1"
"WWW-Google-Calculator","5.0","1"
"WWW-Google-Groups","4.0","1"
"WWW-Google-Images","3.0","1"
"WWW-Google-PageRank","5.0","1"
"WWW-Google-Video","2.0","1"
"WWW-Hotmail","4.0","1"
"WWW-HugeURL","3.0","1"
"WWW-Mail15","2.0","2"
"WWW-Mechanize","4.7","16"
"WWW-Mechanize-CGI","5.0","1"
"WWW-Mechanize-GZip","5.0","1"
"WWW-Mechanize-Shell","4.5","2"
"WWW-Mechanize-SpamCop","3.0","1"
"WWW-Mechanize-TWiki","1.0","1"
"WWW-Mechanize-Timed","3.0","1"
"WWW-Mediawiki-Client","4.0","1"
"WWW-Myspace","4.0","3"
"WWW-Omegle","4.0","1"
"WWW-PDB","4.0","1"
"WWW-Pagination","1.0","1"
"WWW-Rediff-iShare","4.0","1"
"WWW-SMS","1.0","1"
"WWW-Scraper-ISBN-ISBNdb_Driver","5.0","1"
"WWW-Scraper-ISBN-LOC_Driver","1.0","1"
"WWW-Scraper-ISBN-Pearson_Driver","1.0","1"
"WWW-Search","3.0","2"
"WWW-Search-ISBNDB","1.0","1"
"WWW-Shorten-Bitly","5.0","1"
"WWW-Shorten-RevCanonical","1.0","1"
"WWW-TV","4.0","1"
"WWW-XKCD-AsText","1.0","1"
"WWW-YouTube","1.0","1"
"Waft","5.0","1"
"Want","5.0","4"
"WeakRef","1.0","1"
"Weather-Com","5.0","2"
"Weather-Google","5.0","1"
"Web-App","1.0","1"
"Web-Passwd","4.0","1"
"Web-Scraper","4.0","1"
"Web-Simple","5.0","1"
"WebService-30Boxes-API","5.0","1"
"WebService-Bloglines","5.0","1"
"WebService-CRUST","4.0","1"
"WebService-GoogleMaps","5.0","1"
"WebService-HtmlKitCom-FavIconFromImage","1.0","1"
"WebService-Mappoint","4.0","1"
"WebService-MusicBrainz","5.0","1"
"WebService-Solr","4.3","3"
"WebService-Validator-CSS-W3C","5.0","1"
"WebService-Validator-HTML-W3C","5.0","1"
"Weed","1.0","3"
"WikiText","3.0","1"
"Win32-API","4.0","3"
"Win32-AbsPath","1.0","1"
"Win32-Autoglob","4.0","1"
"Win32-Codepage","5.0","1"
"Win32-Console-ANSI","5.0","1"
"Win32-Daemon-Simple-0.2.2","1.0","1"
"Win32-Die","4.0","1"
"Win32-DriveInfo","3.7","3"
"Win32-EventLog","3.0","1"
"Win32-EventLog-Carp","1.0","1"
"Win32-EventLog-Message","5.0","1"
"Win32-File-Summary","2.0","1"
"Win32-File-Ver","3.0","1"
"Win32-File-VersionInfo","5.0","1"
"Win32-GUI","5.0","2"
"Win32-GUI-XMLBuilder","4.0","1"
"Win32-GuiTest","4.7","3"
"Win32-IE-Mechanize","5.0","3"
"Win32-IEAutomation","5.0","1"
"Win32-IntAuth","5.0","1"
"Win32-MSAgent","3.0","1"
"Win32-MediaPlayer","5.0","1"
"Win32-OLE","4.6","5"
"Win32-Pipe","4.0","1"
"Win32-Process","4.0","1"
"Win32-Process-CpuUsage","3.0","2"
"Win32-Process-Info","5.0","1"
"Win32-Process-List","4.0","1"
"Win32-RemoteTOD","1.0","1"
"Win32-Scheduler","1.0","1"
"Win32-Security","4.0","1"
"Win32-SerialPort","3.0","1"
"Win32-Symlink","4.0","1"
"Win32-TaskScheduler","5.0","1"
"Win32-TaskScheduler2.0.3","3.0","1"
"Win32-TieRegistry","4.5","2"
"Win32-Unicode","3.5","2"
"Win32-Uptime","3.7","3"
"Win32-Wallpaper","4.0","1"
"Win32-WebBrowser","4.0","1"
"Win32-Word-Writer","4.0","1"
"Wizard","1.0","2"
"WordPress-XMLRPC","4.0","1"
"Workflow","5.0","1"
"Wurst","1.0","1"
"Wx","4.8","4"
"Wx-ActiveX","5.0","1"
"Wx-Demo","5.0","1"
"Wx-Perl-Packager","4.0","1"
"Wx-WidgetMaker","5.0","1"
"XAO-PodView","5.0","1"
"XHTML-MediaWiki","2.0","1"
"XLSperl","5.0","2"
"XML-API","5.0","1"
"XML-Atom","3.0","3"
"XML-Atom-SimpleFeed","4.8","4"
"XML-Atom-Syndication","2.0","1"
"XML-Bare","3.7","3"
"XML-Bare-SAX-Parser","2.0","1"
"XML-Compile","4.7","3"
"XML-Compile-SOAP","4.5","2"
"XML-DOM","3.5","2"
"XML-DT","5.0","1"
"XML-Database","2.0","2"
"XML-Descent","4.0","1"
"XML-Diff","4.0","1"
"XML-Directory","4.0","1"
"XML-Driver-HTML","5.0","1"
"XML-EasySQL","4.0","1"
"XML-FOAF","3.0","1"
"XML-Feed","5.0","5"
"XML-FeedPP","5.0","2"
"XML-Filter-BufferText","4.0","1"
"XML-Filter-DetectWS","3.0","1"
"XML-Filter-Sort","5.0","1"
"XML-GDOME","3.5","2"
"XML-Generator","5.0","2"
"XML-Generator-DBI","5.0","1"
"XML-Genx","5.0","1"
"XML-Handler-YAWriter","5.0","1"
"XML-LibRSVG","1.0","1"
"XML-LibXML","4.5","12"
"XML-LibXML-Common","5.0","1"
"XML-LibXSLT","3.7","3"
"XML-Mini","2.0","3"
"XML-Mini-1.2.8","4.0","1"
"XML-MyXML","3.3","3"
"XML-PYX","4.0","1"
"XML-Parser","3.6","8"
"XML-Parser-EasyTree","4.0","2"
"XML-Quick","4.0","1"
"XML-RAI","3.0","5"
"XML-RPC","4.5","2"
"XML-RSS","4.0","13"
"XML-RSS-Aggregate","1.0","1"
"XML-RSS-FromHTML-Simple","5.0","1"
"XML-RSS-Parser","5.0","2"
"XML-RSSLite","5.0","1"
"XML-SAX","4.8","4"
"XML-SAX-RTF","1.0","1"
"XML-Schema","3.0","1"
"XML-SemanticDiff","5.0","1"
"XML-Simple","4.4","16"
"XML-Smart","4.4","5"
"XML-Tidy","4.5","2"
"XML-Tiny","3.0","5"
"XML-Tiny-DOM","5.0","1"
"XML-TreePP","5.0","4"
"XML-Twig","4.8","6"
"XML-Writer","4.0","6"
"XML-XMLWriter","4.0","1"
"XML-XPath","3.6","5"
"XML-XSH","4.5","2"
"XML-Xerces","3.0","1"
"XUL-App","5.0","1"
"XUL-Image-PPT","4.0","1"
"XUL-Node","3.5","2"
"XXX","5.0","3"
"Xmldoom","2.3","3"
"Xmms-Perl","5.0","2"
"YAML","3.8","11"
"YAML-Active","5.0","1"
"YAML-LibYAML","5.0","3"
"YAML-Syck","4.3","4"
"YAML-Tiny","4.5","2"
"YAML-Yaml2Html","3.0","1"
"YAPC","1.0","1"
"YAPE-Regex-Explain","5.0","1"
"Yahoo-Marketing","5.0","2"
"Yahoo-Search","5.0","1"
"YiJing","2.0","1"
"Your-Momma","5.0","2"
"ZM-SSI","1.0","1"
"Zen-Koans","5.0","1"
"ZooZ","5.0","1"
"ZooZv","1.0","1"
"__-0.01","2.0","1"
"a2pdf","4.0","1"
"accessors","5.0","1"
"ack","4.9","12"
"autobox","5.0","2"
"autobox-Core","5.0","1"
"autodie","4.5","2"
"autovivification","5.0","1"
"base","3.7","3"
"base-ball","1.0","2"
"bignum","4.0","1"
"bioperl","3.8","4"
"boolean","5.0","1"
"bootylicious","5.0","1"
"cPanel","1.0","1"
"cant","1.0","1"
"classes","5.0","2"
"common-sense","3.0","7"
"constant-defer","3.3","3"
"constants","1.0","2"
"cpan-upload","4.5","2"
"cpan-upload-http","5.0","1"
"cpan2rpm","4.5","2"
"cvswebedit","1.0","1"
"cwd","1.2","5"
"dbMan","5.0","1"
"delicious-backup","2.0","1"
"enum","5.0","1"
"enum-fields","5.0","1"
"ex-lib","5.0","1"
"excel2txt","4.3","3"
"faceplant","5.0","1"
"fameperl","3.0","1"
"forks","5.0","4"
"gd-rppng","4.0","1"
"getaddress","1.0","1"
"guestbook","1.0","1"
"http-handle","5.0","1"
"if","5.0","1"
"interface","1.0","1"
"last","1.0","1"
"lib-tiny","1.0","1"
"libapreq","4.0","1"
"libapreq2","5.0","2"
"libnet","4.7","7"
"libwin32","2.0","2"
"libwww-perl","4.5","14"
"link_NCBI","2.0","1"
"list","1.0","1"
"list_versions","3.0","1"
"load","1.0","1"
"local-lib","4.8","4"
"logme","1.0","1"
"makepatch","3.0","2"
"mod_perl","4.8","6"
"mpp","2.0","1"
"namespace-autoclean","5.0","2"
"namespace-clean","5.0","1"
"o2sms","5.0","1"
"oEdtk","1.0","1"
"obfuscator","1.0","1"
"only","4.0","3"
"p5-Palm","4.5","2"
"package","1.0","4"
"parsenative","1.0","1"
"perl","3.9","9"
"perl-0.0017","1.0","1"
"perl-5.8.1","4.0","1"
"perl-5.8.2","5.0","1"
"perl-Asterisk-AMI","4.0","1"
"perl-ldap","4.3","11"
"perl-tutorial","2.0","1"
"perl5i","5.0","1"
"perl5lib","5.0","2"
"persist","2.0","1"
"pip","4.5","2"
"pmv","5.0","1"
"pod-mode","4.0","2"
"pod2pdf","5.0","1"
"podlators","5.0","1"
"psmon","4.0","1"
"quote","1.0","1"
"re-engine-TRE","1.0","1"
"reform","2.0","1"
"relative","4.0","1"
"release","5.0","3"
"rename","5.0","1"
"sapnwrfc","5.0","1"
"scriptdist","3.0","1"
"self","4.7","3"
"selfvars","5.0","1"
"signatures","5.0","1"
"sql-simple","5.0","2"
"subatom","5.0","1"
"svg-svg2zinc","5.0","1"
"sybperl","5.0","1"
"template","1.0","2"
"threads-shared","4.0","1"
"tk-zinc","5.0","1"
"txt2html","4.0","1"
"v6-alpha","3.0","1"
"version","3.8","4"
"web","2.0","1"
"xchar","2.0","1"
"xsub","1.7","7"
<!DOCTYPE HTML PUBLIC "-//IETF//DTD HTML 2.0//EN">
<html><head>
<title>200 OK</title>
</head><body>
<h1>OK</h1>
<p>The server encountered an internal error or
misconfiguration and was unable to complete
your request.</p>
<p>Please contact the server administrator,
 [no address given] and inform them of the time the error occurred,
and anything you might have done that may have
caused the error.</p>
<p>More information about this error may be available
in the server error log.</p>
</body></html>
